Sample Number,Value
1,2.419895
2,2.419895
3,2.419895
4,2.419895
5,2.419895
6,2.419895
7,2.419895
8,2.419895
9,2.419895
10,2.419895
11,2.419895
12,2.419895
13,2.419895
14,2.419895
15,2.419895
16,2.419895
17,2.419895
18,2.419895
19,2.419895
20,1.123494
21,1.123494
22,1.123494
23,1.123494
24,1.123494
25,1.123494
26,1.123494
27,1.123494
28,1.123494
29,1.123494
30,1.123494
31,1.123494
32,1.123494
33,1.123494
34,1.123494
35,1.123494
36,1.123494
37,1.123494
38,1.123494
39,1.123494
40,1.123494
41,1.123494
42,1.123494
43,1.123494
44,1.123494
45,1.123494
46,1.123494
47,1.123494
48,1.123494
49,1.123494
50,1.123494
51,1.123494
52,1.123494
53,1.123494
54,1.123494
55,1.123494
56,1.123494
57,1.123494
58,1.123494
59,1.123494
60,1.123494
61,1.123494
62,1.123494
63,1.123494
64,1.123494
65,1.123494
66,1.123494
67,1.123494
68,1.123494
69,1.123494
70,1.123494
71,1.123494
72,1.123494
73,1.123494
74,1.123494
75,1.123494
76,1.123494
77,1.123494
78,0.315452
79,0.315452
80,0.315452
81,0.315452
82,0.315452
83,0.315452
84,0.315452
85,0.315452
86,0.315452
87,0.315452
88,0.315452
89,0.315452
90,0.315452
91,0.315452
92,0.315452
93,0.315452
94,0.315452
95,0.315452
96,0.315452
97,0.315452
98,0.315452
99,0.315452
100,0.315452
101,0.315452
102,0.315452
103,0.315452
104,0.315452
105,0.315452
106,0.315452
107,0.315452
108,0.315452
109,0.315452
110,0.315452
111,0.315452
112,0.315452
113,0.315452
114,0.315452
115,0.315452
116,0.315452
117,0.315452
118,0.315452
119,0.315452
120,0.315452
121,0.315452
122,0.315452
123,0.315452
124,0.315452
125,0.315452
126,0.315452
127,0.315452
128,0.315452
129,0.315452
130,0.315452
131,0.315452
132,0.315452
133,0.315452
134,0.315452
135,0.315452
136,0.003836
137,0.003836
138,0.003836
139,0.003836
140,0.003836
141,0.003836
142,0.003836
143,0.003836
144,0.003836
145,0.003836
146,0.003836
147,0.003836
148,0.003836
149,0.003836
150,0.003836
151,0.003836
152,0.003836
153,0.003836
154,0.003836
155,0.003836
156,0.003836
157,0.003836
158,0.003836
159,0.003836
160,0.003836
161,0.003836
162,0.003836
163,0.003836
164,0.003836
165,0.003836
166,0.003836
167,0.003836
168,0.003836
169,0.003836
170,0.003836
171,0.003836
172,0.003836
173,0.003836
174,0.003836
175,0.003836
176,0.003836
177,0.003836
178,0.003836
179,0.003836
180,0.003836
181,0.003836
182,0.003836
183,0.003836
184,0.003836
185,0.003836
186,0.003836
187,0.003836
188,0.003836
189,0.003836
190,0.003836
191,0.003836
192,0.003836
193,0.003836
194,0.003836
195,0.003836
196,0.003836
197,0.003836
198,0.003836
199,0.003836
200,0.003836
201,0.003836
202,0.191769
203,0.191769
204,0.191769
205,0.191769
206,0.191769
207,0.191769
208,0.191769
209,0.191769
210,0.191769
211,0.191769
212,0.191769
213,0.191769
214,0.191769
215,0.191769
216,0.191769
217,0.191769
218,0.191769
219,0.191769
220,0.191769
221,0.191769
222,0.191769
223,0.191769
224,0.191769
225,0.191769
226,0.191769
227,0.191769
228,0.191769
229,0.191769
230,0.191769
231,0.191769
232,0.191769
233,0.191769
234,0.191769
235,0.191769
236,0.191769
237,0.191769
238,0.191769
239,0.191769
240,0.191769
241,0.191769
242,0.191769
243,0.191769
244,0.191769
245,0.191769
246,0.191769
247,0.191769
248,0.191769
249,0.191769
250,0.191769
251,0.191769
252,0.191769
253,0.191769
254,0.191769
255,0.191769
256,0.191769
257,0.191769
258,0.191769
259,0.191769
260,0.877371
261,0.877371
262,0.877371
263,0.877371
264,0.877371
265,0.877371
266,0.877371
267,0.877371
268,0.877371
269,0.877371
270,0.877371
271,0.877371
272,0.877371
273,0.877371
274,0.877371
275,0.877371
276,0.877371
277,0.877371
278,0.877371
279,0.877371
280,0.877371
281,0.877371
282,0.877371
283,0.877371
284,0.877371
285,0.877371
286,0.877371
287,0.877371
288,0.877371
289,0.877371
290,0.877371
291,0.877371
292,0.877371
293,0.877371
294,0.877371
295,0.877371
296,0.877371
297,0.877371
298,0.877371
299,0.877371
300,0.877371
301,0.877371
302,0.877371
303,0.877371
304,0.877371
305,0.877371
306,0.877371
307,0.877371
308,0.877371
309,0.877371
310,0.877371
311,0.877371
312,0.877371
313,0.877371
314,0.877371
315,0.877371
316,0.877371
317,0.877371
318,0.877371
319,0.877371
320,0.877371
321,0.877371
322,0.877371
323,0.877371
324,2.053785
325,2.053785
326,2.053785
327,2.053785
328,2.053785
329,2.053785
330,2.053785
331,2.053785
332,2.053785
333,2.053785
334,2.053785
335,2.053785
336,2.053785
337,2.053785
338,2.053785
339,2.053785
340,2.053785
341,2.053785
342,2.053785
343,2.053785
344,2.053785
345,2.053785
346,2.053785
347,2.053785
348,2.053785
349,2.053785
350,2.053785
351,2.053785
352,2.053785
353,2.053785
354,2.053785
355,2.053785
356,2.053785
357,2.053785
358,2.053785
359,2.053785
360,2.053785
361,2.053785
362,2.053785
363,2.053785
364,2.053785
365,2.053785
366,2.053785
367,2.053785
368,2.053785
369,2.053785
370,2.053785
371,2.053785
372,2.053785
373,2.053785
374,2.053785
375,2.053785
376,2.053785
377,2.053785
378,2.053785
379,2.053785
380,2.053785
381,2.053785
382,2.053785
383,2.053785
384,2.053785
385,2.053785
386,2.053785
387,2.053785
388,2.053785
389,2.053785
390,2.053785
391,2.053785
392,2.053785
393,2.053785
394,2.053785
395,2.053785
396,2.053785
397,2.053785
398,2.053785
399,2.053785
400,3.709266
401,3.709266
402,3.709266
403,3.709266
404,3.709266
405,3.709266
406,3.709266
407,3.709266
408,3.709266
409,3.709266
410,3.709266
411,3.709266
412,3.709266
413,3.709266
414,3.709266
415,3.709266
416,3.709266
417,3.709266
418,3.709266
419,3.709266
420,3.709266
421,3.709266
422,3.709266
423,3.709266
424,3.709266
425,3.709266
426,3.709266
427,3.709266
428,3.709266
429,3.709266
430,3.709266
431,3.709266
432,3.709266
433,3.709266
434,3.709266
435,3.709266
436,3.709266
437,3.709266
438,3.709266
439,3.709266
440,3.709266
441,3.709266
442,3.709266
443,3.709266
444,3.709266
445,3.709266
446,3.709266
447,3.709266
448,3.709266
449,3.709266
450,3.709266
451,3.709266
452,3.709266
453,3.709266
454,3.709266
455,3.709266
456,3.709266
457,3.709266
458,3.709266
459,3.709266
460,3.709266
461,3.709266
462,3.709266
463,3.709266
464,3.709266
465,3.709266
466,3.709266
467,3.709266
468,3.709266
469,3.709266
470,3.709266
471,3.709266
472,3.709266
473,3.709266
474,3.709266
475,5.827275
476,5.827275
477,5.827275
478,5.827275
479,5.827275
480,5.827275
481,5.827275
482,5.827275
483,5.827275
484,5.827275
485,5.827275
486,5.827275
487,5.827275
488,5.827275
489,5.827275
490,5.827275
491,5.827275
492,5.827275
493,5.827275
494,5.827275
495,5.827275
496,5.827275
497,5.827275
498,5.827275
499,5.827275
500,5.827275
501,5.827275
502,5.827275
503,5.827275
504,5.827275
505,5.827275
506,5.827275
507,5.827275
508,5.827275
509,5.827275
510,5.827275
511,5.827275
512,5.827275
513,5.827275
514,5.827275
515,5.827275
516,5.827275
517,5.827275
518,5.827275
519,5.827275
520,5.827275
521,5.827275
522,5.827275
523,5.827275
524,5.827275
525,5.827275
526,5.827275
527,5.827275
528,5.827275
529,5.827275
530,5.827275
531,5.827275
532,5.827275
533,5.827275
534,5.827275
535,5.827275
536,5.827275
537,5.827275
538,5.827275
539,5.827275
540,5.827275
541,5.827275
542,5.827275
543,5.827275
544,5.827275
545,5.827275
546,5.827275
547,5.827275
548,8.386633
549,8.386633
550,8.386633
551,8.386633
552,8.386633
553,8.386633
554,8.386633
555,8.386633
556,8.386633
557,8.386633
558,8.386633
559,8.386633
560,8.386633
561,8.386633
562,8.386633
563,8.386633
564,8.386633
565,8.386633
566,8.386633
567,8.386633
568,8.386633
569,8.386633
570,8.386633
571,8.386633
572,8.386633
573,8.386633
574,8.386633
575,8.386633
576,8.386633
577,8.386633
578,8.386633
579,8.386633
580,8.386633
581,8.386633
582,8.386633
583,8.386633
584,8.386633
585,8.386633
586,8.386633
587,8.386633
588,8.386633
589,8.386633
590,8.386633
591,8.386633
592,8.386633
593,8.386633
594,8.386633
595,8.386633
596,8.386633
597,8.386633
598,8.386633
599,8.386633
600,8.386633
601,11.361778
602,11.361778
603,11.361778
604,11.361778
605,11.361778
606,11.361778
607,11.361778
608,11.361778
609,11.361778
610,11.361778
611,11.361778
612,11.361778
613,11.361778
614,11.361778
615,11.361778
616,11.361778
617,11.361778
618,11.361778
619,11.361778
620,11.361778
621,11.361778
622,11.361778
623,11.361778
624,11.361778
625,11.361778
626,11.361778
627,11.361778
628,11.361778
629,11.361778
630,11.361778
631,11.361778
632,11.361778
633,11.361778
634,11.361778
635,11.361778
636,11.361778
637,11.361778
638,11.361778
639,11.361778
640,11.361778
641,11.361778
642,11.361778
643,11.361778
644,11.361778
645,11.361778
646,11.361778
647,11.361778
648,11.361778
649,11.361778
650,11.361778
651,11.361778
652,11.361778
653,11.361778
654,11.361778
655,11.361778
656,11.361778
657,11.361778
658,11.361778
659,11.361778
660,11.361778
661,11.361778
662,11.361778
663,11.361778
664,11.361778
665,11.361778
666,11.361778
667,11.361778
668,11.361778
669,11.361778
670,11.361778
671,11.361778
672,11.361778
673,11.361778
674,11.361778
675,11.361778
676,11.361778
677,11.361778
678,11.361778
679,11.361778
680,11.361778
681,11.361778
682,11.361778
683,11.361778
684,11.361778
685,11.361778
686,11.361778
687,11.361778
688,14.722985
689,14.722985
690,14.722985
691,14.722985
692,14.722985
693,14.722985
694,14.722985
695,14.722985
696,14.722985
697,14.722985
698,14.722985
699,14.722985
700,14.722985
701,14.722985
702,14.722985
703,14.722985
704,14.722985
705,14.722985
706,14.722985
707,14.722985
708,14.722985
709,14.722985
710,14.722985
711,14.722985
712,14.722985
713,14.722985
714,14.722985
715,14.722985
716,14.722985
717,14.722985
718,14.722985
719,14.722985
720,14.722985
721,14.722985
722,14.722985
723,14.722985
724,14.722985
725,14.722985
726,14.722985
727,14.722985
728,14.722985
729,14.722985
730,14.722985
731,14.722985
732,14.722985
733,14.722985
734,14.722985
735,14.722985
736,14.722985
737,14.722985
738,14.722985
739,14.722985
740,14.722985
741,14.722985
742,14.722985
743,14.722985
744,14.722985
745,14.722985
746,14.722985
747,14.722985
748,14.722985
749,14.722985
750,14.722985
751,14.722985
752,14.722985
753,18.436665
754,18.436665
755,18.436665
756,18.436665
757,18.436665
758,18.436665
759,18.436665
760,18.436665
761,18.436665
762,18.436665
763,18.436665
764,18.436665
765,18.436665
766,18.436665
767,18.436665
768,18.436665
769,18.436665
770,18.436665
771,18.436665
772,18.436665
773,18.436665
774,18.436665
775,18.436665
776,18.436665
777,18.436665
778,18.436665
779,18.436665
780,18.436665
781,18.436665
782,18.436665
783,18.436665
784,18.436665
785,18.436665
786,18.436665
787,18.436665
788,18.436665
789,18.436665
790,18.436665
791,18.436665
792,18.436665
793,18.436665
794,18.436665
795,18.436665
796,18.436665
797,18.436665
798,18.436665
799,18.436665
800,18.436665
801,18.436665
802,18.436665
803,18.436665
804,18.436665
805,18.436665
806,18.436665
807,18.436665
808,18.436665
809,18.436665
810,18.436665
811,18.436665
812,18.436665
813,18.436665
814,18.436665
815,18.436665
816,18.436665
817,18.436665
818,18.436665
819,18.436665
820,18.436665
821,18.436665
822,18.436665
823,18.436665
824,18.436665
825,18.436665
826,18.436665
827,18.436665
828,18.436665
829,18.436665
830,18.436665
831,18.436665
832,18.436665
833,18.436665
834,18.436665
835,18.436665
836,22.465736
837,22.465736
838,22.465736
839,22.465736
840,22.465736
841,22.465736
842,22.465736
843,22.465736
844,22.465736
845,22.465736
846,22.465736
847,22.465736
848,22.465736
849,22.465736
850,22.465736
851,22.465736
852,22.465736
853,22.465736
854,22.465736
855,22.465736
856,22.465736
857,22.465736
858,22.465736
859,22.465736
860,22.465736
861,22.465736
862,22.465736
863,22.465736
864,22.465736
865,22.465736
866,22.465736
867,22.465736
868,22.465736
869,22.465736
870,22.465736
871,22.465736
872,22.465736
873,22.465736
874,22.465736
875,22.465736
876,22.465736
877,22.465736
878,22.465736
879,22.465736
880,22.465736
881,22.465736
882,22.465736
883,22.465736
884,22.465736
885,22.465736
886,22.465736
887,22.465736
888,22.465736
889,22.465736
890,22.465736
891,22.465736
892,22.465736
893,22.465736
894,22.465736
895,22.465736
896,22.465736
897,22.465736
898,22.465736
899,22.465736
900,22.465736
901,22.465736
902,22.465736
903,22.465736
904,22.465736
905,22.465736
906,22.465736
907,22.465736
908,22.465736
909,22.465736
910,22.465736
911,26.769901
912,26.769901
913,26.769901
914,26.769901
915,26.769901
916,26.769901
917,26.769901
918,26.769901
919,26.769901
920,26.769901
921,26.769901
922,26.769901
923,26.769901
924,26.769901
925,26.769901
926,26.769901
927,26.769901
928,26.769901
929,26.769901
930,26.769901
931,26.769901
932,26.769901
933,26.769901
934,26.769901
935,26.769901
936,26.769901
937,26.769901
938,26.769901
939,26.769901
940,26.769901
941,26.769901
942,26.769901
943,26.769901
944,26.769901
945,26.769901
946,26.769901
947,26.769901
948,26.769901
949,26.769901
950,26.769901
951,26.769901
952,26.769901
953,26.769901
954,26.769901
955,26.769901
956,26.769901
957,26.769901
958,26.769901
959,26.769901
960,26.769901
961,26.769901
962,26.769901
963,26.769901
964,26.769901
965,26.769901
966,26.769901
967,26.769901
968,26.769901
969,26.769901
970,26.769901
971,26.769901
972,26.769901
973,26.769901
974,26.769901
975,26.769901
976,26.769901
977,26.769901
978,26.769901
979,26.769901
980,26.769901
981,31.306171
982,31.306171
983,31.306171
984,31.306171
985,31.306171
986,31.306171
987,31.306171
988,31.306171
989,31.306171
990,31.306171
991,31.306171
992,31.306171
993,31.306171
994,31.306171
995,31.306171
996,31.306171
997,31.306171
998,31.306171
999,31.306171
1000,31.306171
1001,31.306171
1002,31.306171
1003,31.306171
1004,31.306171
1005,31.306171
1006,31.306171
1007,31.306171
1008,31.306171
1009,31.306171
1010,31.306171
1011,31.306171
1012,31.306171
1013,31.306171
1014,31.306171
1015,31.306171
1016,31.306171
1017,31.306171
1018,31.306171
1019,31.306171
1020,31.306171
1021,31.306171
1022,31.306171
1023,31.306171
1024,31.306171
1025,31.306171
1026,31.306171
1027,31.306171
1028,31.306171
1029,31.306171
1030,31.306171
1031,31.306171
1032,31.306171
1033,31.306171
1034,31.306171
1035,31.306171
1036,31.306171
1037,31.306171
1038,31.306171
1039,31.306171
1040,31.306171
1041,31.306171
1042,31.306171
1043,36.029224
1044,36.029224
1045,36.029224
1046,36.029224
1047,36.029224
1048,36.029224
1049,36.029224
1050,36.029224
1051,36.029224
1052,36.029224
1053,36.029224
1054,36.029224
1055,36.029224
1056,36.029224
1057,36.029224
1058,36.029224
1059,36.029224
1060,36.029224
1061,36.029224
1062,36.029224
1063,36.029224
1064,36.029224
1065,36.029224
1066,36.029224
1067,36.029224
1068,36.029224
1069,36.029224
1070,36.029224
1071,36.029224
1072,36.029224
1073,36.029224
1074,36.029224
1075,36.029224
1076,36.029224
1077,36.029224
1078,36.029224
1079,36.029224
1080,36.029224
1081,36.029224
1082,36.029224
1083,36.029224
1084,36.029224
1085,36.029224
1086,36.029224
1087,36.029224
1088,36.029224
1089,36.029224
1090,36.029224
1091,36.029224
1092,36.029224
1093,36.029224
1094,36.029224
1095,36.029224
1096,36.029224
1097,36.029224
1098,36.029224
1099,36.029224
1100,36.029224
1101,36.029224
1102,36.029224
1103,36.029224
1104,36.029224
1105,36.029224
1106,36.029224
1107,36.029224
1108,36.029224
1109,36.029224
1110,36.029224
1111,36.029224
1112,40.891872
1113,40.891872
1114,40.891872
1115,40.891872
1116,40.891872
1117,40.891872
1118,40.891872
1119,40.891872
1120,40.891872
1121,40.891872
1122,40.891872
1123,40.891872
1124,40.891872
1125,40.891872
1126,40.891872
1127,40.891872
1128,40.891872
1129,40.891872
1130,40.891872
1131,40.891872
1132,40.891872
1133,40.891872
1134,40.891872
1135,40.891872
1136,40.891872
1137,40.891872
1138,40.891872
1139,40.891872
1140,40.891872
1141,40.891872
1142,40.891872
1143,40.891872
1144,40.891872
1145,40.891872
1146,40.891872
1147,40.891872
1148,40.891872
1149,40.891872
1150,40.891872
1151,40.891872
1152,40.891872
1153,40.891872
1154,40.891872
1155,40.891872
1156,40.891872
1157,40.891872
1158,40.891872
1159,40.891872
1160,40.891872
1161,40.891872
1162,40.891872
1163,40.891872
1164,40.891872
1165,40.891872
1166,40.891872
1167,40.891872
1168,40.891872
1169,40.891872
1170,40.891872
1171,40.891872
1172,40.891872
1173,40.891872
1174,40.891872
1175,40.891872
1176,40.891872
1177,40.891872
1178,40.891872
1179,40.891872
1180,40.891872
1181,40.891872
1182,40.891872
1183,40.891872
1184,40.891872
1185,40.891872
1186,40.891872
1187,40.891872
1188,45.845543
1189,45.845543
1190,45.845543
1191,45.845543
1192,45.845543
1193,45.845543
1194,45.845543
1195,45.845543
1196,45.845543
1197,45.845543
1198,45.845543
1199,45.845543
1200,45.845543
1201,45.845543
1202,45.845543
1203,45.845543
1204,45.845543
1205,45.845543
1206,45.845543
1207,45.845543
1208,45.845543
1209,45.845543
1210,45.845543
1211,45.845543
1212,45.845543
1213,45.845543
1214,45.845543
1215,45.845543
1216,45.845543
1217,45.845543
1218,45.845543
1219,45.845543
1220,45.845543
1221,45.845543
1222,45.845543
1223,45.845543
1224,45.845543
1225,45.845543
1226,45.845543
1227,45.845543
1228,45.845543
1229,45.845543
1230,45.845543
1231,45.845543
1232,45.845543
1233,45.845543
1234,45.845543
1235,45.845543
1236,45.845543
1237,45.845543
1238,45.845543
1239,45.845543
1240,45.845543
1241,45.845543
1242,50.0
1243,50.0
1244,50.0
1245,50.0
1246,50.0
1247,50.0
1248,50.0
1249,50.0
1250,50.0
1251,50.0
1252,50.0
1253,50.0
1254,50.0
1255,50.0
1256,50.0
1257,50.0
1258,50.0
1259,50.0
1260,50.0
1261,50.0
1262,50.0
1263,50.0
1264,50.0
1265,50.0
1266,50.0
1267,50.0
1268,50.0
1269,50.0
1270,50.0
1271,50.0
1272,50.0
1273,50.0
1274,50.0
1275,50.0
1276,50.0
1277,50.0
1278,50.0
1279,50.0
1280,50.0
1281,50.0
1282,50.0
1283,50.0
1284,50.0
1285,50.0
1286,50.0
1287,50.0
1288,50.0
1289,50.0
1290,50.0
1291,50.0
1292,50.0
1293,50.0
1294,50.0
1295,50.0
1296,50.0
1297,50.0
1298,50.0
1299,50.0
1300,50.0
1301,50.0
1302,50.0
1303,50.0
1304,50.0
1305,50.0
1306,50.0
1307,50.0
1308,50.0
1309,50.0
1310,50.0
1311,50.0
1312,50.0
1313,50.0
1314,50.0
1315,50.0
1316,50.0
1317,54.991669
1318,54.991669
1319,54.991669
1320,54.991669
1321,54.991669
1322,54.991669
1323,54.991669
1324,54.991669
1325,54.991669
1326,54.991669
1327,54.991669
1328,54.991669
1329,54.991669
1330,54.991669
1331,54.991669
1332,54.991669
1333,54.991669
1334,54.991669
1335,54.991669
1336,54.991669
1337,54.991669
1338,54.991669
1339,54.991669
1340,54.991669
1341,54.991669
1342,54.991669
1343,54.991669
1344,54.991669
1345,54.991669
1346,54.991669
1347,54.991669
1348,54.991669
1349,54.991669
1350,54.991669
1351,54.991669
1352,54.991669
1353,54.991669
1354,54.991669
1355,54.991669
1356,54.991669
1357,54.991669
1358,54.991669
1359,54.991669
1360,54.991669
1361,54.991669
1362,54.991669
1363,54.991669
1364,54.991669
1365,54.991669
1366,54.991669
1367,54.991669
1368,54.991669
1369,54.991669
1370,54.991669
1371,54.991669
1372,54.991669
1373,54.991669
1374,54.991669
1375,54.991669
1376,54.991669
1377,54.991669
1378,54.991669
1379,54.991669
1380,54.991669
1381,54.991669
1382,54.991669
1383,54.991669
1384,54.991669
1385,54.991669
1386,54.991669
1387,54.991669
1388,54.991669
1389,54.991669
1390,54.991669
1391,54.991669
1392,59.933464
1393,59.933464
1394,59.933464
1395,59.933464
1396,59.933464
1397,59.933464
1398,59.933464
1399,59.933464
1400,59.933464
1401,59.933464
1402,59.933464
1403,59.933464
1404,59.933464
1405,59.933464
1406,59.933464
1407,59.933464
1408,59.933464
1409,59.933464
1410,59.933464
1411,59.933464
1412,59.933464
1413,59.933464
1414,59.933464
1415,59.933464
1416,59.933464
1417,59.933464
1418,59.933464
1419,59.933464
1420,59.933464
1421,59.933464
1422,59.933464
1423,59.933464
1424,59.933464
1425,59.933464
1426,59.933464
1427,59.933464
1428,59.933464
1429,59.933464
1430,59.933464
1431,59.933464
1432,59.933464
1433,59.933464
1434,59.933464
1435,59.933464
1436,59.933464
1437,59.933464
1438,59.933464
1439,59.933464
1440,59.933464
1441,59.933464
1442,59.933464
1443,59.933464
1444,59.933464
1445,59.933464
1446,59.933464
1447,59.933464
1448,59.933464
1449,59.933464
1450,59.933464
1451,59.933464
1452,59.933464
1453,64.776009
1454,64.776009
1455,64.776009
1456,64.776009
1457,64.776009
1458,64.776009
1459,64.776009
1460,64.776009
1461,64.776009
1462,64.776009
1463,64.776009
1464,64.776009
1465,64.776009
1466,64.776009
1467,64.776009
1468,64.776009
1469,64.776009
1470,64.776009
1471,64.776009
1472,64.776009
1473,64.776009
1474,64.776009
1475,64.776009
1476,64.776009
1477,64.776009
1478,64.776009
1479,64.776009
1480,64.776009
1481,64.776009
1482,64.776009
1483,64.776009
1484,64.776009
1485,64.776009
1486,64.776009
1487,64.776009
1488,64.776009
1489,64.776009
1490,64.776009
1491,64.776009
1492,64.776009
1493,64.776009
1494,64.776009
1495,64.776009
1496,64.776009
1497,64.776009
1498,64.776009
1499,64.776009
1500,64.776009
1501,64.776009
1502,64.776009
1503,64.776009
1504,64.776009
1505,64.776009
1506,64.776009
1507,64.776009
1508,64.776009
1509,64.776009
1510,64.776009
1511,64.776009
1512,64.776009
1513,64.776009
1514,64.776009
1515,64.776009
1516,64.776009
1517,64.776009
1518,64.776009
1519,64.776009
1520,64.776009
1521,64.776009
1522,64.776009
1523,64.776009
1524,64.776009
1525,64.776009
1526,64.776009
1527,64.776009
1528,64.776009
1529,64.776009
1530,64.776009
1531,64.776009
1532,64.776009
1533,64.776009
1534,64.776009
1535,64.776009
1536,64.776009
1537,64.776009
1538,64.776009
1539,69.470917
1540,69.470917
1541,69.470917
1542,69.470917
1543,69.470917
1544,69.470917
1545,69.470917
1546,69.470917
1547,69.470917
1548,69.470917
1549,69.470917
1550,69.470917
1551,69.470917
1552,69.470917
1553,69.470917
1554,69.470917
1555,69.470917
1556,69.470917
1557,69.470917
1558,69.470917
1559,69.470917
1560,69.470917
1561,69.470917
1562,69.470917
1563,69.470917
1564,69.470917
1565,69.470917
1566,69.470917
1567,69.470917
1568,69.470917
1569,69.470917
1570,69.470917
1571,69.470917
1572,69.470917
1573,69.470917
1574,69.470917
1575,69.470917
1576,69.470917
1577,69.470917
1578,69.470917
1579,69.470917
1580,69.470917
1581,69.470917
1582,69.470917
1583,69.470917
1584,69.470917
1585,69.470917
1586,69.470917
1587,69.470917
1588,69.470917
1589,69.470917
1590,69.470917
1591,69.470917
1592,69.470917
1593,69.470917
1594,69.470917
1595,69.470917
1596,69.470917
1597,69.470917
1598,69.470917
1599,69.470917
1600,69.470917
1601,69.470917
1602,69.470917
1603,69.470917
1604,69.470917
1605,69.470917
1606,69.470917
1607,69.470917
1608,69.470917
1609,73.971275
1610,73.971275
1611,73.971275
1612,73.971275
1613,73.971275
1614,73.971275
1615,73.971275
1616,73.971275
1617,73.971275
1618,73.971275
1619,73.971275
1620,73.971275
1621,73.971275
1622,73.971275
1623,73.971275
1624,73.971275
1625,73.971275
1626,73.971275
1627,73.971275
1628,73.971275
1629,73.971275
1630,73.971275
1631,73.971275
1632,73.971275
1633,73.971275
1634,73.971275
1635,73.971275
1636,73.971275
1637,73.971275
1638,73.971275
1639,73.971275
1640,73.971275
1641,73.971275
1642,73.971275
1643,73.971275
1644,73.971275
1645,73.971275
1646,73.971275
1647,73.971275
1648,73.971275
1649,73.971275
1650,73.971275
1651,73.971275
1652,73.971275
1653,73.971275
1654,73.971275
1655,73.971275
1656,73.971275
1657,73.971275
1658,73.971275
1659,73.971275
1660,73.971275
1661,73.971275
1662,73.971275
1663,73.971275
1664,73.971275
1665,73.971275
1666,73.971275
1667,73.971275
1668,73.971275
1669,73.971275
1670,73.971275
1671,73.971275
1672,78.232124
1673,78.232124
1674,78.232124
1675,78.232124
1676,78.232124
1677,78.232124
1678,78.232124
1679,78.232124
1680,78.232124
1681,78.232124
1682,78.232124
1683,78.232124
1684,78.232124
1685,78.232124
1686,78.232124
1687,78.232124
1688,78.232124
1689,78.232124
1690,78.232124
1691,78.232124
1692,78.232124
1693,78.232124
1694,78.232124
1695,78.232124
1696,78.232124
1697,78.232124
1698,78.232124
1699,78.232124
1700,78.232124
1701,78.232124
1702,78.232124
1703,78.232124
1704,78.232124
1705,78.232124
1706,78.232124
1707,78.232124
1708,78.232124
1709,78.232124
1710,78.232124
1711,78.232124
1712,78.232124
1713,78.232124
1714,78.232124
1715,78.232124
1716,78.232124
1717,78.232124
1718,78.232124
1719,78.232124
1720,78.232124
1721,78.232124
1722,78.232124
1723,78.232124
1724,78.232124
1725,78.232124
1726,78.232124
1727,78.232124
1728,78.232124
1729,78.232124
1730,78.232124
1731,78.232124
1732,78.232124
1733,78.232124
1734,78.232124
1735,78.232124
1736,78.232124
1737,78.232124
1738,82.210884
1739,82.210884
1740,82.210884
1741,82.210884
1742,82.210884
1743,82.210884
1744,82.210884
1745,82.210884
1746,82.210884
1747,82.210884
1748,82.210884
1749,82.210884
1750,82.210884
1751,82.210884
1752,82.210884
1753,82.210884
1754,82.210884
1755,82.210884
1756,82.210884
1757,82.210884
1758,82.210884
1759,82.210884
1760,82.210884
1761,82.210884
1762,82.210884
1763,82.210884
1764,82.210884
1765,82.210884
1766,82.210884
1767,82.210884
1768,82.210884
1769,82.210884
1770,82.210884
1771,82.210884
1772,82.210884
1773,82.210884
1774,82.210884
1775,82.210884
1776,82.210884
1777,82.210884
1778,82.210884
1779,82.210884
1780,82.210884
1781,82.210884
1782,82.210884
1783,82.210884
1784,82.210884
1785,82.210884
1786,82.210884
1787,82.210884
1788,82.210884
1789,82.210884
1790,82.210884
1791,82.210884
1792,82.210884
1793,82.210884
1794,82.210884
1795,82.210884
1796,82.210884
1797,82.210884
1798,82.210884
1799,82.210884
1800,82.210884
1801,82.210884
1802,82.210884
1803,82.210884
1804,82.210884
1805,82.210884
1806,82.210884
1807,85.867805
1808,85.867805
1809,85.867805
1810,85.867805
1811,85.867805
1812,85.867805
1813,85.867805
1814,85.867805
1815,85.867805
1816,85.867805
1817,85.867805
1818,85.867805
1819,85.867805
1820,85.867805
1821,85.867805
1822,85.867805
1823,85.867805
1824,85.867805
1825,85.867805
1826,85.867805
1827,85.867805
1828,85.867805
1829,85.867805
1830,85.867805
1831,85.867805
1832,85.867805
1833,85.867805
1834,85.867805
1835,85.867805
1836,85.867805
1837,85.867805
1838,85.867805
1839,85.867805
1840,85.867805
1841,85.867805
1842,85.867805
1843,85.867805
1844,85.867805
1845,85.867805
1846,85.867805
1847,85.867805
1848,85.867805
1849,85.867805
1850,85.867805
1851,85.867805
1852,85.867805
1853,85.867805
1854,85.867805
1855,85.867805
1856,85.867805
1857,85.867805
1858,85.867805
1859,85.867805
1860,85.867805
1861,85.867805
1862,85.867805
1863,85.867805
1864,85.867805
1865,85.867805
1866,85.867805
1867,85.867805
1868,85.867805
1869,85.867805
1870,85.867805
1871,89.166344
1872,89.166344
1873,89.166344
1874,89.166344
1875,89.166344
1876,89.166344
1877,89.166344
1878,89.166344
1879,89.166344
1880,89.166344
1881,89.166344
1882,89.166344
1883,89.166344
1884,89.166344
1885,89.166344
1886,89.166344
1887,89.166344
1888,89.166344
1889,89.166344
1890,89.166344
1891,89.166344
1892,89.166344
1893,89.166344
1894,89.166344
1895,89.166344
1896,89.166344
1897,89.166344
1898,89.166344
1899,89.166344
1900,89.166344
1901,89.166344
1902,89.166344
1903,89.166344
1904,89.166344
1905,89.166344
1906,89.166344
1907,89.166344
1908,89.166344
1909,89.166344
1910,89.166344
1911,89.166344
1912,89.166344
1913,89.166344
1914,89.166344
1915,89.166344
1916,89.166344
1917,89.166344
1918,89.166344
1919,89.166344
1920,89.166344
1921,89.166344
1922,89.166344
1923,89.166344
1924,89.166344
1925,89.166344
1926,89.166344
1927,89.166344
1928,89.166344
1929,89.166344
1930,89.166344
1931,89.166344
1932,89.166344
1933,89.166344
1934,89.166344
1935,89.166344
1936,89.166344
1937,89.166344
1938,89.166344
1939,89.166344
1940,89.166344
1941,89.166344
1942,89.166344
1943,89.166344
1944,89.166344
1945,89.166344
1946,89.166344
1947,89.166344
1948,89.166344
1949,89.166344
1950,89.166344
1951,89.166344
1952,89.166344
1953,89.166344
1954,89.166344
1955,92.073547
1956,92.073547
1957,92.073547
1958,92.073547
1959,92.073547
1960,92.073547
1961,92.073547
1962,92.073547
1963,92.073547
1964,92.073547
1965,92.073547
1966,92.073547
1967,92.073547
1968,92.073547
1969,92.073547
1970,92.073547
1971,92.073547
1972,92.073547
1973,92.073547
1974,92.073547
1975,92.073547
1976,92.073547
1977,92.073547
1978,92.073547
1979,92.073547
1980,92.073547
1981,92.073547
1982,92.073547
1983,92.073547
1984,92.073547
1985,92.073547
1986,92.073547
1987,92.073547
1988,92.073547
1989,92.073547
1990,92.073547
1991,92.073547
1992,92.073547
1993,92.073547
1994,92.073547
1995,92.073547
1996,92.073547
1997,92.073547
1998,92.073547
1999,92.073547
2000,92.073547
2001,92.073547
2002,92.073547
2003,92.073547
2004,92.073547
2005,92.073547
2006,92.073547
2007,92.073547
2008,92.073547
2009,92.073547
2010,92.073547
2011,92.073547
2012,92.073547
2013,92.073547
2014,92.073547
2015,92.073547
2016,92.073547
2017,92.073547
2018,92.073547
2019,92.073547
2020,92.073547
2021,92.073547
2022,92.073547
2023,92.073547
2024,92.073547
2025,92.073547
2026,92.073547
2027,92.073547
2028,92.073547
2029,92.073547
2030,92.073547
2031,92.073547
2032,92.073547
2033,94.560364
2034,94.560364
2035,94.560364
2036,94.560364
2037,94.560364
2038,94.560364
2039,94.560364
2040,94.560364
2041,94.560364
2042,94.560364
2043,94.560364
2044,94.560364
2045,94.560364
2046,94.560364
2047,94.560364
2048,94.560364
2049,94.560364
2050,94.560364
2051,94.560364
2052,94.560364
2053,94.560364
2054,94.560364
2055,94.560364
2056,94.560364
2057,94.560364
2058,94.560364
2059,94.560364
2060,94.560364
2061,94.560364
2062,94.560364
2063,94.560364
2064,94.560364
2065,94.560364
2066,94.560364
2067,94.560364
2068,94.560364
2069,94.560364
2070,94.560364
2071,94.560364
2072,94.560364
2073,94.560364
2074,94.560364
2075,94.560364
2076,94.560364
2077,94.560364
2078,94.560364
2079,94.560364
2080,94.560364
2081,94.560364
2082,94.560364
2083,94.560364
2084,94.560364
2085,94.560364
2086,94.560364
2087,94.560364
2088,94.560364
2089,94.560364
2090,94.560364
2091,94.560364
2092,94.560364
2093,94.560364
2094,94.560364
2095,94.560364
2096,94.560364
2097,94.560364
2098,94.560364
2099,94.560364
2100,94.560364
2101,94.560364
2102,94.560364
2103,94.560364
2104,94.560364
2105,94.560364
2106,94.560364
2107,94.560364
2108,94.560364
2109,94.560364
2110,94.560364
2111,94.560364
2112,94.560364
2113,94.560364
2114,96.601959
2115,96.601959
2116,96.601959
2117,96.601959
2118,96.601959
2119,96.601959
2120,96.601959
2121,96.601959
2122,96.601959
2123,96.601959
2124,96.601959
2125,96.601959
2126,96.601959
2127,96.601959
2128,96.601959
2129,96.601959
2130,96.601959
2131,96.601959
2132,96.601959
2133,96.601959
2134,96.601959
2135,96.601959
2136,96.601959
2137,96.601959
2138,96.601959
2139,96.601959
2140,96.601959
2141,96.601959
2142,96.601959
2143,96.601959
2144,96.601959
2145,96.601959
2146,96.601959
2147,96.601959
2148,96.601959
2149,96.601959
2150,96.601959
2151,96.601959
2152,96.601959
2153,96.601959
2154,96.601959
2155,96.601959
2156,96.601959
2157,96.601959
2158,96.601959
2159,96.601959
2160,96.601959
2161,96.601959
2162,96.601959
2163,96.601959
2164,96.601959
2165,96.601959
2166,96.601959
2167,96.601959
2168,96.601959
2169,96.601959
2170,96.601959
2171,96.601959
2172,96.601959
2173,96.601959
2174,96.601959
2175,96.601959
2176,96.601959
2177,96.601959
2178,96.601959
2179,96.601959
2180,96.601959
2181,96.601959
2182,96.601959
2183,96.601959
2184,96.601959
2185,96.601959
2186,96.601959
2187,96.601959
2188,96.601959
2189,96.601959
2190,96.601959
2191,96.601959
2192,96.601959
2193,96.601959
2194,96.601959
2195,96.601959
2196,96.601959
2197,96.601959
2198,98.17791
2199,98.17791
2200,98.17791
2201,98.17791
2202,98.17791
2203,98.17791
2204,98.17791
2205,98.17791
2206,98.17791
2207,98.17791
2208,98.17791
2209,98.17791
2210,98.17791
2211,98.17791
2212,98.17791
2213,98.17791
2214,98.17791
2215,98.17791
2216,98.17791
2217,98.17791
2218,98.17791
2219,98.17791
2220,98.17791
2221,98.17791
2222,98.17791
2223,98.17791
2224,98.17791
2225,98.17791
2226,98.17791
2227,98.17791
2228,98.17791
2229,98.17791
2230,98.17791
2231,98.17791
2232,98.17791
2233,98.17791
2234,98.17791
2235,98.17791
2236,98.17791
2237,98.17791
2238,98.17791
2239,98.17791
2240,98.17791
2241,98.17791
2242,98.17791
2243,98.17791
2244,98.17791
2245,98.17791
2246,98.17791
2247,98.17791
2248,98.17791
2249,98.17791
2250,98.17791
2251,98.17791
2252,98.17791
2253,98.17791
2254,98.17791
2255,98.17791
2256,98.17791
2257,98.17791
2258,98.17791
2259,98.17791
2260,98.17791
2261,98.17791
2262,98.17791
2263,98.17791
2264,98.17791
2265,98.17791
2266,99.272491
2267,99.272491
2268,99.272491
2269,99.272491
2270,99.272491
2271,99.272491
2272,99.272491
2273,99.272491
2274,99.272491
2275,99.272491
2276,99.272491
2277,99.272491
2278,99.272491
2279,99.272491
2280,99.272491
2281,99.272491
2282,99.272491
2283,99.272491
2284,99.272491
2285,99.272491
2286,99.272491
2287,99.272491
2288,99.272491
2289,99.272491
2290,99.272491
2291,99.272491
2292,99.272491
2293,99.272491
2294,99.272491
2295,99.272491
2296,99.272491
2297,99.272491
2298,99.272491
2299,99.272491
2300,99.272491
2301,99.272491
2302,99.272491
2303,99.272491
2304,99.272491
2305,99.272491
2306,99.272491
2307,99.272491
2308,99.272491
2309,99.272491
2310,99.272491
2311,99.272491
2312,99.272491
2313,99.272491
2314,99.272491
2315,99.272491
2316,99.272491
2317,99.272491
2318,99.272491
2319,99.272491
2320,99.272491
2321,99.272491
2322,99.272491
2323,99.272491
2324,99.272491
2325,99.272491
2326,99.272491
2327,99.272491
2328,99.272491
2329,99.272491
2330,99.272491
2331,99.272491
2332,99.272491
2333,99.272491
2334,99.272491
2335,99.272491
2336,99.272491
2337,99.272491
2338,99.272491
2339,99.272491
2340,99.874748
2341,99.874748
2342,99.874748
2343,99.874748
2344,99.874748
2345,99.874748
2346,99.874748
2347,99.874748
2348,99.874748
2349,99.874748
2350,99.874748
2351,99.874748
2352,99.874748
2353,99.874748
2354,99.874748
2355,99.874748
2356,99.874748
2357,99.874748
2358,99.874748
2359,99.874748
2360,99.874748
2361,99.874748
2362,99.874748
2363,99.874748
2364,99.874748
2365,99.874748
2366,99.874748
2367,99.874748
2368,99.874748
2369,99.874748
2370,99.874748
2371,99.874748
2372,99.874748
2373,99.874748
2374,99.874748
2375,99.874748
2376,99.874748
2377,99.874748
2378,99.874748
2379,99.874748
2380,99.874748
2381,99.874748
2382,99.874748
2383,99.874748
2384,99.874748
2385,99.874748
2386,99.874748
2387,99.874748
2388,99.874748
2389,99.874748
2390,99.874748
2391,99.874748
2392,99.874748
2393,99.874748
2394,99.874748
2395,99.874748
2396,99.874748
2397,99.874748
2398,99.874748
2399,99.874748
2400,99.874748
2401,99.874748
2402,99.874748
2403,99.874748
2404,99.874748
2405,99.874748
2406,99.874748
2407,99.874748
2408,99.874748
2409,99.874748
2410,99.874748
2411,99.874748
2412,99.978676
2413,99.978676
2414,99.978676
2415,99.978676
2416,99.978676
2417,99.978676
2418,99.978676
2419,99.978676
2420,99.978676
2421,99.978676
2422,99.978676
2423,99.978676
2424,99.978676
2425,99.978676
2426,99.978676
2427,99.978676
2428,99.978676
2429,99.978676
2430,99.978676
2431,99.978676
2432,99.978676
2433,99.978676
2434,99.978676
2435,99.978676
2436,99.978676
2437,99.978676
2438,99.978676
2439,99.978676
2440,99.978676
2441,99.978676
2442,99.978676
2443,99.978676
2444,99.978676
2445,99.978676
2446,99.978676
2447,99.978676
2448,99.978676
2449,99.978676
2450,99.978676
2451,99.978676
2452,99.978676
2453,99.978676
2454,99.978676
2455,99.978676
2456,99.978676
2457,99.978676
2458,99.978676
2459,99.978676
2460,99.978676
2461,99.978676
2462,99.978676
2463,99.978676
2464,99.978676
2465,99.978676
2466,99.978676
2467,99.978676
2468,99.978676
2469,99.978676
2470,99.978676
2471,99.978676
2472,99.978676
2473,99.978676
2474,99.978676
2475,99.978676
2476,99.978676
2477,99.978676
2478,99.978676
2479,99.978676
2480,99.978676
2481,99.978676
2482,99.583244
2483,99.583244
2484,99.583244
2485,99.583244
2486,99.583244
2487,99.583244
2488,99.583244
2489,99.583244
2490,99.583244
2491,99.583244
2492,99.583244
2493,99.583244
2494,99.583244
2495,99.583244
2496,99.583244
2497,99.583244
2498,99.583244
2499,99.583244
2500,99.583244
2501,99.583244
2502,99.583244
2503,99.583244
2504,99.583244
2505,99.583244
2506,99.583244
2507,99.583244
2508,99.583244
2509,99.583244
2510,99.583244
2511,99.583244
2512,99.583244
2513,99.583244
2514,99.583244
2515,99.583244
2516,99.583244
2517,99.583244
2518,99.583244
2519,99.583244
2520,99.583244
2521,99.583244
2522,99.583244
2523,99.583244
2524,99.583244
2525,99.583244
2526,99.583244
2527,99.583244
2528,99.583244
2529,99.583244
2530,99.583244
2531,99.583244
2532,99.583244
2533,99.583244
2534,99.583244
2535,99.583244
2536,99.583244
2537,99.583244
2538,99.583244
2539,99.583244
2540,99.583244
2541,99.583244
2542,99.583244
2543,99.583244
2544,99.583244
2545,99.583244
2546,99.583244
2547,99.583244
2548,98.692383
2549,98.692383
2550,98.692383
2551,98.692383
2552,98.692383
2553,98.692383
2554,98.692383
2555,98.692383
2556,98.692383
2557,98.692383
2558,98.692383
2559,98.692383
2560,98.692383
2561,98.692383
2562,98.692383
2563,98.692383
2564,98.692383
2565,98.692383
2566,98.692383
2567,98.692383
2568,98.692383
2569,98.692383
2570,98.692383
2571,98.692383
2572,98.692383
2573,98.692383
2574,98.692383
2575,98.692383
2576,98.692383
2577,98.692383
2578,98.692383
2579,98.692383
2580,98.692383
2581,98.692383
2582,98.692383
2583,98.692383
2584,98.692383
2585,98.692383
2586,98.692383
2587,98.692383
2588,98.692383
2589,98.692383
2590,98.692383
2591,98.692383
2592,98.692383
2593,98.692383
2594,98.692383
2595,98.692383
2596,98.692383
2597,98.692383
2598,98.692383
2599,98.692383
2600,98.692383
2601,98.692383
2602,98.692383
2603,98.692383
2604,98.692383
2605,98.692383
2606,98.692383
2607,98.692383
2608,98.692383
2609,98.692383
2610,98.692383
2611,98.692383
2612,98.692383
2613,98.692383
2614,98.692383
2615,98.692383
2616,97.315002
2617,97.315002
2618,97.315002
2619,97.315002
2620,97.315002
2621,97.315002
2622,97.315002
2623,97.315002
2624,97.315002
2625,97.315002
2626,97.315002
2627,97.315002
2628,97.315002
2629,97.315002
2630,97.315002
2631,97.315002
2632,97.315002
2633,97.315002
2634,97.315002
2635,97.315002
2636,97.315002
2637,97.315002
2638,97.315002
2639,97.315002
2640,97.315002
2641,97.315002
2642,97.315002
2643,97.315002
2644,97.315002
2645,97.315002
2646,97.315002
2647,97.315002
2648,97.315002
2649,97.315002
2650,97.315002
2651,97.315002
2652,97.315002
2653,97.315002
2654,97.315002
2655,97.315002
2656,97.315002
2657,97.315002
2658,97.315002
2659,97.315002
2660,97.315002
2661,97.315002
2662,97.315002
2663,97.315002
2664,97.315002
2665,97.315002
2666,97.315002
2667,97.315002
2668,97.315002
2669,97.315002
2670,97.315002
2671,97.315002
2672,97.315002
2673,97.315002
2674,97.315002
2675,97.315002
2676,97.315002
2677,97.315002
2678,97.315002
2679,97.315002
2680,97.315002
2681,97.315002
2682,97.315002
2683,97.315002
2684,97.315002
2685,95.464874
2686,95.464874
2687,95.464874
2688,95.464874
2689,95.464874
2690,95.464874
2691,95.464874
2692,95.464874
2693,95.464874
2694,95.464874
2695,95.464874
2696,95.464874
2697,95.464874
2698,95.464874
2699,95.464874
2700,95.464874
2701,95.464874
2702,95.464874
2703,95.464874
2704,95.464874
2705,95.464874
2706,95.464874
2707,95.464874
2708,95.464874
2709,95.464874
2710,95.464874
2711,95.464874
2712,95.464874
2713,95.464874
2714,95.464874
2715,95.464874
2716,95.464874
2717,95.464874
2718,95.464874
2719,95.464874
2720,95.464874
2721,95.464874
2722,95.464874
2723,95.464874
2724,95.464874
2725,95.464874
2726,95.464874
2727,95.464874
2728,95.464874
2729,95.464874
2730,95.464874
2731,95.464874
2732,95.464874
2733,95.464874
2734,95.464874
2735,95.464874
2736,95.464874
2737,95.464874
2738,95.464874
2739,95.464874
2740,95.464874
2741,95.464874
2742,95.464874
2743,95.464874
2744,95.464874
2745,95.464874
2746,95.464874
2747,95.464874
2748,95.464874
2749,95.464874
2750,95.464874
2751,95.464874
2752,95.464874
2753,95.464874
2754,95.464874
2755,95.464874
2756,95.464874
2757,95.464874
2758,95.464874
2759,95.464874
2760,95.464874
2761,95.464874
2762,95.464874
2763,95.464874
2764,95.464874
2765,95.464874
2766,95.464874
2767,95.464874
2768,95.464874
2769,95.464874
2770,93.160461
2771,93.160461
2772,93.160461
2773,93.160461
2774,93.160461
2775,93.160461
2776,93.160461
2777,93.160461
2778,93.160461
2779,93.160461
2780,93.160461
2781,93.160461
2782,93.160461
2783,93.160461
2784,93.160461
2785,93.160461
2786,93.160461
2787,93.160461
2788,93.160461
2789,93.160461
2790,93.160461
2791,93.160461
2792,93.160461
2793,93.160461
2794,93.160461
2795,93.160461
2796,93.160461
2797,93.160461
2798,93.160461
2799,93.160461
2800,93.160461
2801,93.160461
2802,93.160461
2803,93.160461
2804,93.160461
2805,93.160461
2806,93.160461
2807,93.160461
2808,93.160461
2809,93.160461
2810,93.160461
2811,93.160461
2812,93.160461
2813,93.160461
2814,93.160461
2815,93.160461
2816,93.160461
2817,93.160461
2818,93.160461
2819,93.160461
2820,93.160461
2821,93.160461
2822,93.160461
2823,93.160461
2824,93.160461
2825,93.160461
2826,93.160461
2827,93.160461
2828,93.160461
2829,93.160461
2830,93.160461
2831,93.160461
2832,93.160461
2833,93.160461
2834,93.160461
2835,93.160461
2836,93.160461
2837,93.160461
2838,93.160461
2839,93.160461
2840,93.160461
2841,93.160461
2842,93.160461
2843,93.160461
2844,93.160461
2845,93.160461
2846,93.160461
2847,93.160461
2848,93.160461
2849,93.160461
2850,93.160461
2851,93.160461
2852,93.160461
2853,93.160461
2854,93.160461
2855,93.160461
2856,93.160461
2857,90.42482
2858,90.42482
2859,90.42482
2860,90.42482
2861,90.42482
2862,90.42482
2863,90.42482
2864,90.42482
2865,90.42482
2866,90.42482
2867,90.42482
2868,90.42482
2869,90.42482
2870,90.42482
2871,90.42482
2872,90.42482
2873,90.42482
2874,90.42482
2875,90.42482
2876,90.42482
2877,90.42482
2878,90.42482
2879,90.42482
2880,90.42482
2881,90.42482
2882,90.42482
2883,90.42482
2884,90.42482
2885,90.42482
2886,90.42482
2887,90.42482
2888,90.42482
2889,90.42482
2890,90.42482
2891,90.42482
2892,90.42482
2893,90.42482
2894,90.42482
2895,90.42482
2896,90.42482
2897,90.42482
2898,90.42482
2899,90.42482
2900,90.42482
2901,90.42482
2902,90.42482
2903,90.42482
2904,90.42482
2905,90.42482
2906,90.42482
2907,90.42482
2908,90.42482
2909,90.42482
2910,90.42482
2911,90.42482
2912,90.42482
2913,90.42482
2914,90.42482
2915,90.42482
2916,90.42482
2917,90.42482
2918,90.42482
2919,90.42482
2920,90.42482
2921,90.42482
2922,90.42482
2923,87.285263
2924,87.285263
2925,87.285263
2926,87.285263
2927,87.285263
2928,87.285263
2929,87.285263
2930,87.285263
2931,87.285263
2932,87.285263
2933,87.285263
2934,87.285263
2935,87.285263
2936,87.285263
2937,87.285263
2938,87.285263
2939,87.285263
2940,87.285263
2941,87.285263
2942,87.285263
2943,87.285263
2944,87.285263
2945,87.285263
2946,87.285263
2947,87.285263
2948,87.285263
2949,87.285263
2950,87.285263
2951,87.285263
2952,87.285263
2953,87.285263
2954,87.285263
2955,87.285263
2956,87.285263
2957,87.285263
2958,87.285263
2959,87.285263
2960,87.285263
2961,87.285263
2962,87.285263
2963,87.285263
2964,87.285263
2965,87.285263
2966,87.285263
2967,87.285263
2968,87.285263
2969,87.285263
2970,87.285263
2971,87.285263
2972,87.285263
2973,87.285263
2974,87.285263
2975,87.285263
2976,87.285263
2977,87.285263
2978,87.285263
2979,87.285263
2980,87.285263
2981,87.285263
2982,87.285263
2983,87.285263
2984,87.285263
2985,87.285263
2986,87.285263
2987,87.285263
2988,87.285263
2989,87.285263
2990,87.285263
2991,87.285263
2992,87.285263
2993,83.773155
2994,83.773155
2995,83.773155
2996,83.773155
2997,83.773155
2998,83.773155
2999,83.773155
3000,83.773155
3001,83.773155
3002,83.773155
3003,83.773155
3004,83.773155
3005,83.773155
3006,83.773155
3007,83.773155
3008,83.773155
3009,83.773155
3010,83.773155
3011,83.773155
3012,83.773155
3013,83.773155
3014,83.773155
3015,83.773155
3016,83.773155
3017,83.773155
3018,83.773155
3019,83.773155
3020,83.773155
3021,83.773155
3022,83.773155
3023,83.773155
3024,83.773155
3025,83.773155
3026,83.773155
3027,83.773155
3028,83.773155
3029,83.773155
3030,83.773155
3031,83.773155
3032,83.773155
3033,83.773155
3034,83.773155
3035,83.773155
3036,83.773155
3037,83.773155
3038,83.773155
3039,83.773155
3040,83.773155
3041,83.773155
3042,83.773155
3043,83.773155
3044,83.773155
3045,83.773155
3046,83.773155
3047,83.773155
3048,83.773155
3049,83.773155
3050,83.773155
3051,83.773155
3052,83.773155
3053,83.773155
3054,83.773155
3055,83.773155
3056,83.773155
3057,83.773155
3058,83.773155
3059,83.773155
3060,83.773155
3061,83.773155
3062,83.773155
3063,83.773155
3064,83.773155
3065,83.773155
3066,83.773155
3067,83.773155
3068,83.773155
3069,79.923607
3070,79.923607
3071,79.923607
3072,79.923607
3073,79.923607
3074,79.923607
3075,79.923607
3076,79.923607
3077,79.923607
3078,79.923607
3079,79.923607
3080,79.923607
3081,79.923607
3082,79.923607
3083,79.923607
3084,79.923607
3085,79.923607
3086,79.923607
3087,79.923607
3088,79.923607
3089,79.923607
3090,79.923607
3091,79.923607
3092,79.923607
3093,79.923607
3094,79.923607
3095,79.923607
3096,79.923607
3097,79.923607
3098,79.923607
3099,79.923607
3100,79.923607
3101,79.923607
3102,79.923607
3103,79.923607
3104,79.923607
3105,79.923607
3106,79.923607
3107,79.923607
3108,79.923607
3109,79.923607
3110,79.923607
3111,79.923607
3112,79.923607
3113,79.923607
3114,79.923607
3115,79.923607
3116,79.923607
3117,79.923607
3118,79.923607
3119,79.923607
3120,79.923607
3121,79.923607
3122,79.923607
3123,79.923607
3124,79.923607
3125,79.923607
3126,79.923607
3127,79.923607
3128,79.923607
3129,79.923607
3130,79.923607
3131,79.923607
3132,79.923607
3133,79.923607
3134,79.923607
3135,79.923607
3136,79.923607
3137,79.923607
3138,79.923607
3139,75.775063
3140,75.775063
3141,75.775063
3142,75.775063
3143,75.775063
3144,75.775063
3145,75.775063
3146,75.775063
3147,75.775063
3148,75.775063
3149,75.775063
3150,75.775063
3151,75.775063
3152,75.775063
3153,75.775063
3154,75.775063
3155,75.775063
3156,75.775063
3157,75.775063
3158,75.775063
3159,75.775063
3160,75.775063
3161,75.775063
3162,75.775063
3163,75.775063
3164,75.775063
3165,75.775063
3166,75.775063
3167,75.775063
3168,75.775063
3169,75.775063
3170,75.775063
3171,75.775063
3172,75.775063
3173,75.775063
3174,75.775063
3175,75.775063
3176,75.775063
3177,75.775063
3178,75.775063
3179,75.775063
3180,75.775063
3181,75.775063
3182,75.775063
3183,75.775063
3184,75.775063
3185,75.775063
3186,75.775063
3187,75.775063
3188,75.775063
3189,75.775063
3190,75.775063
3191,75.775063
3192,75.775063
3193,75.775063
3194,75.775063
3195,75.775063
3196,75.775063
3197,75.775063
3198,75.775063
3199,75.775063
3200,75.775063
3201,75.775063
3202,75.775063
3203,75.775063
3204,71.368996
3205,71.368996
3206,71.368996
3207,71.368996
3208,71.368996
3209,71.368996
3210,71.368996
3211,71.368996
3212,71.368996
3213,71.368996
3214,71.368996
3215,71.368996
3216,71.368996
3217,71.368996
3218,71.368996
3219,71.368996
3220,71.368996
3221,71.368996
3222,71.368996
3223,71.368996
3224,71.368996
3225,71.368996
3226,71.368996
3227,71.368996
3228,71.368996
3229,71.368996
3230,71.368996
3231,71.368996
3232,71.368996
3233,71.368996
3234,71.368996
3235,71.368996
3236,71.368996
3237,71.368996
3238,71.368996
3239,71.368996
3240,71.368996
3241,71.368996
3242,71.368996
3243,71.368996
3244,71.368996
3245,71.368996
3246,71.368996
3247,71.368996
3248,71.368996
3249,71.368996
3250,71.368996
3251,71.368996
3252,71.368996
3253,71.368996
3254,71.368996
3255,71.368996
3256,71.368996
3257,71.368996
3258,71.368996
3259,71.368996
3260,71.368996
3261,71.368996
3262,71.368996
3263,71.368996
3264,71.368996
3265,71.368996
3266,71.368996
3267,71.368996
3268,71.368996
3269,71.368996
3270,66.749413
3271,66.749413
3272,66.749413
3273,66.749413
3274,66.749413
3275,66.749413
3276,66.749413
3277,66.749413
3278,66.749413
3279,66.749413
3280,66.749413
3281,66.749413
3282,66.749413
3283,66.749413
3284,66.749413
3285,66.749413
3286,66.749413
3287,66.749413
3288,66.749413
3289,66.749413
3290,66.749413
3291,66.749413
3292,66.749413
3293,66.749413
3294,66.749413
3295,66.749413
3296,66.749413
3297,66.749413
3298,66.749413
3299,66.749413
3300,66.749413
3301,66.749413
3302,66.749413
3303,66.749413
3304,66.749413
3305,66.749413
3306,66.749413
3307,66.749413
3308,66.749413
3309,66.749413
3310,66.749413
3311,66.749413
3312,66.749413
3313,66.749413
3314,66.749413
3315,66.749413
3316,66.749413
3317,66.749413
3318,66.749413
3319,66.749413
3320,66.749413
3321,66.749413
3322,66.749413
3323,66.749413
3324,66.749413
3325,66.749413
3326,66.749413
3327,66.749413
3328,66.749413
3329,66.749413
3330,66.749413
3331,66.749413
3332,66.749413
3333,66.749413
3334,66.749413
3335,66.749413
3336,66.749413
3337,66.749413
3338,66.749413
3339,66.749413
3340,61.962463
3341,61.962463
3342,61.962463
3343,61.962463
3344,61.962463
3345,61.962463
3346,61.962463
3347,61.962463
3348,61.962463
3349,61.962463
3350,61.962463
3351,61.962463
3352,61.962463
3353,61.962463
3354,61.962463
3355,61.962463
3356,61.962463
3357,61.962463
3358,61.962463
3359,61.962463
3360,61.962463
3361,61.962463
3362,61.962463
3363,61.962463
3364,61.962463
3365,61.962463
3366,61.962463
3367,61.962463
3368,61.962463
3369,61.962463
3370,61.962463
3371,61.962463
3372,61.962463
3373,61.962463
3374,61.962463
3375,61.962463
3376,61.962463
3377,61.962463
3378,61.962463
3379,61.962463
3380,61.962463
3381,61.962463
3382,61.962463
3383,61.962463
3384,61.962463
3385,61.962463
3386,61.962463
3387,61.962463
3388,61.962463
3389,61.962463
3390,61.962463
3391,61.962463
3392,61.962463
3393,61.962463
3394,61.962463
3395,61.962463
3396,61.962463
3397,61.962463
3398,57.056
3399,57.056
3400,57.056
3401,57.056
3402,57.056
3403,57.056
3404,57.056
3405,57.056
3406,57.056
3407,57.056
3408,57.056
3409,57.056
3410,57.056
3411,57.056
3412,57.056
3413,57.056
3414,57.056
3415,57.056
3416,57.056
3417,57.056
3418,57.056
3419,57.056
3420,57.056
3421,57.056
3422,57.056
3423,57.056
3424,57.056
3425,57.056
3426,57.056
3427,57.056
3428,57.056
3429,57.056
3430,57.056
3431,57.056
3432,57.056
3433,57.056
3434,57.056
3435,57.056
3436,57.056
3437,57.056
3438,57.056
3439,57.056
3440,57.056
3441,57.056
3442,57.056
3443,57.056
3444,57.056
3445,57.056
3446,57.056
3447,57.056
3448,57.056
3449,57.056
3450,57.056
3451,57.056
3452,57.056
3453,57.056
3454,57.056
3455,57.056
3456,57.056
3457,57.056
3458,57.056
3459,57.056
3460,57.056
3461,57.056
3462,57.056
3463,57.056
3464,57.056
3465,57.056
3466,57.056
3467,57.056
3468,57.056
3469,57.056
3470,57.056
3471,57.056
3472,57.056
3473,57.056
3474,57.056
3475,57.056
3476,57.056
3477,57.056
3478,57.056
3479,57.056
3480,57.056
3481,52.079029
3482,52.079029
3483,52.079029
3484,52.079029
3485,52.079029
3486,52.079029
3487,52.079029
3488,52.079029
3489,52.079029
3490,52.079029
3491,52.079029
3492,52.079029
3493,52.079029
3494,52.079029
3495,52.079029
3496,52.079029
3497,52.079029
3498,52.079029
3499,52.079029
3500,52.079029
3501,52.079029
3502,52.079029
3503,52.079029
3504,52.079029
3505,52.079029
3506,52.079029
3507,52.079029
3508,52.079029
3509,52.079029
3510,52.079029
3511,52.079029
3512,52.079029
3513,52.079029
3514,52.079029
3515,52.079029
3516,52.079029
3517,52.079029
3518,52.079029
3519,52.079029
3520,52.079029
3521,52.079029
3522,52.079029
3523,52.079029
3524,52.079029
3525,52.079029
3526,52.079029
3527,52.079029
3528,52.079029
3529,52.079029
3530,52.079029
3531,52.079029
3532,52.079029
3533,52.079029
3534,52.079029
3535,52.079029
3536,52.079029
3537,52.079029
3538,52.079029
3539,52.079029
3540,52.079029
3541,52.079029
3542,52.079029
3543,52.079029
3544,52.079029
3545,52.079029
3546,52.079029
3547,52.079029
3548,52.079029
3549,52.079029
3550,52.079029
3551,52.079029
3552,52.079029
3553,52.079029
3554,52.079029
3555,47.081291
3556,47.081291
3557,47.081291
3558,47.081291
3559,47.081291
3560,47.081291
3561,47.081291
3562,47.081291
3563,47.081291
3564,47.081291
3565,47.081291
3566,47.081291
3567,47.081291
3568,47.081291
3569,47.081291
3570,47.081291
3571,47.081291
3572,47.081291
3573,47.081291
3574,47.081291
3575,47.081291
3576,47.081291
3577,47.081291
3578,47.081291
3579,47.081291
3580,47.081291
3581,47.081291
3582,47.081291
3583,47.081291
3584,47.081291
3585,47.081291
3586,47.081291
3587,47.081291
3588,47.081291
3589,47.081291
3590,47.081291
3591,47.081291
3592,47.081291
3593,47.081291
3594,47.081291
3595,47.081291
3596,47.081291
3597,47.081291
3598,47.081291
3599,47.081291
3600,47.081291
3601,47.081291
3602,47.081291
3603,47.081291
3604,47.081291
3605,47.081291
3606,47.081291
3607,47.081291
3608,47.081291
3609,47.081291
3610,47.081291
3611,47.081291
3612,47.081291
3613,47.081291
3614,47.081291
3615,47.081291
3616,47.081291
3617,47.081291
3618,47.081291
3619,47.081291
3620,47.081291
3621,47.081291
3622,47.081291
3623,47.081291
3624,47.081291
3625,47.081291
3626,47.081291
3627,47.081291
3628,47.081291
3629,47.081291
3630,47.081291
3631,47.081291
3632,47.081291
3633,47.081291
3634,42.112717
3635,42.112717
3636,42.112717
3637,42.112717
3638,42.112717
3639,42.112717
3640,42.112717
3641,42.112717
3642,42.112717
3643,42.112717
3644,42.112717
3645,42.112717
3646,42.112717
3647,42.112717
3648,42.112717
3649,42.112717
3650,42.112717
3651,42.112717
3652,42.112717
3653,42.112717
3654,42.112717
3655,42.112717
3656,42.112717
3657,42.112717
3658,42.112717
3659,42.112717
3660,42.112717
3661,42.112717
3662,42.112717
3663,42.112717
3664,42.112717
3665,42.112717
3666,42.112717
3667,42.112717
3668,42.112717
3669,42.112717
3670,42.112717
3671,42.112717
3672,42.112717
3673,42.112717
3674,42.112717
3675,42.112717
3676,42.112717
3677,42.112717
3678,42.112717
3679,42.112717
3680,42.112717
3681,42.112717
3682,42.112717
3683,42.112717
3684,42.112717
3685,42.112717
3686,42.112717
3687,42.112717
3688,42.112717
3689,42.112717
3690,42.112717
3691,37.222939
3692,37.222939
3693,37.222939
3694,37.222939
3695,37.222939
3696,37.222939
3697,37.222939
3698,37.222939
3699,37.222939
3700,37.222939
3701,37.222939
3702,37.222939
3703,37.222939
3704,37.222939
3705,37.222939
3706,37.222939
3707,37.222939
3708,37.222939
3709,37.222939
3710,37.222939
3711,37.222939
3712,37.222939
3713,37.222939
3714,37.222939
3715,37.222939
3716,37.222939
3717,37.222939
3718,37.222939
3719,37.222939
3720,37.222939
3721,37.222939
3722,37.222939
3723,37.222939
3724,37.222939
3725,37.222939
3726,37.222939
3727,37.222939
3728,37.222939
3729,37.222939
3730,37.222939
3731,37.222939
3732,37.222939
3733,37.222939
3734,37.222939
3735,37.222939
3736,37.222939
3737,37.222939
3738,37.222939
3739,37.222939
3740,37.222939
3741,37.222939
3742,37.222939
3743,37.222939
3744,37.222939
3745,37.222939
3746,37.222939
3747,37.222939
3748,37.222939
3749,37.222939
3750,37.222939
3751,37.222939
3752,37.222939
3753,37.222939
3754,37.222939
3755,37.222939
3756,32.460838
3757,32.460838
3758,32.460838
3759,32.460838
3760,32.460838
3761,32.460838
3762,32.460838
3763,32.460838
3764,32.460838
3765,32.460838
3766,32.460838
3767,32.460838
3768,32.460838
3769,32.460838
3770,32.460838
3771,32.460838
3772,32.460838
3773,32.460838
3774,32.460838
3775,32.460838
3776,32.460838
3777,32.460838
3778,32.460838
3779,32.460838
3780,32.460838
3781,32.460838
3782,32.460838
3783,32.460838
3784,32.460838
3785,32.460838
3786,32.460838
3787,32.460838
3788,32.460838
3789,32.460838
3790,32.460838
3791,32.460838
3792,32.460838
3793,32.460838
3794,32.460838
3795,32.460838
3796,32.460838
3797,32.460838
3798,32.460838
3799,32.460838
3800,32.460838
3801,32.460838
3802,32.460838
3803,32.460838
3804,32.460838
3805,32.460838
3806,32.460838
3807,32.460838
3808,32.460838
3809,32.460838
3810,32.460838
3811,32.460838
3812,32.460838
3813,32.460838
3814,32.460838
3815,32.460838
3816,32.460838
3817,32.460838
3818,32.460838
3819,32.460838
3820,32.460838
3821,32.460838
3822,32.460838
3823,32.460838
3824,32.460838
3825,32.460838
3826,32.460838
3827,32.460838
3828,32.460838
3829,32.460838
3830,32.460838
3831,32.460838
3832,32.460838
3833,32.460838
3834,27.873972
3835,27.873972
3836,27.873972
3837,27.873972
3838,27.873972
3839,27.873972
3840,27.873972
3841,27.873972
3842,27.873972
3843,27.873972
3844,27.873972
3845,27.873972
3846,27.873972
3847,27.873972
3848,27.873972
3849,27.873972
3850,27.873972
3851,27.873972
3852,27.873972
3853,27.873972
3854,27.873972
3855,27.873972
3856,27.873972
3857,27.873972
3858,27.873972
3859,27.873972
3860,27.873972
3861,27.873972
3862,27.873972
3863,27.873972
3864,27.873972
3865,27.873972
3866,27.873972
3867,27.873972
3868,27.873972
3869,27.873972
3870,27.873972
3871,27.873972
3872,27.873972
3873,27.873972
3874,27.873972
3875,27.873972
3876,27.873972
3877,27.873972
3878,27.873972
3879,27.873972
3880,27.873972
3881,27.873972
3882,27.873972
3883,27.873972
3884,27.873972
3885,27.873972
3886,27.873972
3887,27.873972
3888,27.873972
3889,27.873972
3890,27.873972
3891,27.873972
3892,27.873972
3893,27.873972
3894,27.873972
3895,27.873972
3896,27.873972
3897,27.873972
3898,27.873972
3899,27.873972
3900,27.873972
3901,27.873972
3902,27.873972
3903,27.873972
3904,27.873972
3905,27.873972
3906,23.50819
3907,23.50819
3908,23.50819
3909,23.50819
3910,23.50819
3911,23.50819
3912,23.50819
3913,23.50819
3914,23.50819
3915,23.50819
3916,23.50819
3917,23.50819
3918,23.50819
3919,23.50819
3920,23.50819
3921,23.50819
3922,23.50819
3923,23.50819
3924,23.50819
3925,23.50819
3926,23.50819
3927,23.50819
3928,23.50819
3929,23.50819
3930,23.50819
3931,23.50819
3932,23.50819
3933,23.50819
3934,23.50819
3935,23.50819
3936,23.50819
3937,23.50819
3938,23.50819
3939,23.50819
3940,23.50819
3941,23.50819
3942,23.50819
3943,23.50819
3944,23.50819
3945,23.50819
3946,23.50819
3947,23.50819
3948,23.50819
3949,23.50819
3950,23.50819
3951,23.50819
3952,23.50819
3953,23.50819
3954,23.50819
3955,23.50819
3956,23.50819
3957,23.50819
3958,23.50819
3959,23.50819
3960,23.50819
3961,23.50819
3962,23.50819
3963,23.50819
3964,23.50819
3965,23.50819
3966,23.50819
3967,23.50819
3968,23.50819
3969,23.50819
3970,23.50819
3971,23.50819
3972,23.50819
3973,23.50819
3974,23.50819
3975,23.50819
3976,23.50819
3977,23.50819
3978,23.50819
3979,23.50819
3980,23.50819
3981,23.50819
3982,23.50819
3983,23.50819
3984,19.407108
3985,19.407108
3986,19.407108
3987,19.407108
3988,19.407108
3989,19.407108
3990,19.407108
3991,19.407108
3992,19.407108
3993,19.407108
3994,19.407108
3995,19.407108
3996,19.407108
3997,19.407108
3998,19.407108
3999,19.407108
4000,19.407108
4001,19.407108
4002,19.407108
4003,19.407108
4004,19.407108
4005,19.407108
4006,19.407108
4007,19.407108
4008,19.407108
4009,19.407108
4010,19.407108
4011,19.407108
4012,19.407108
4013,19.407108
4014,19.407108
4015,19.407108
4016,19.407108
4017,19.407108
4018,19.407108
4019,19.407108
4020,19.407108
4021,19.407108
4022,19.407108
4023,19.407108
4024,19.407108
4025,19.407108
4026,19.407108
4027,19.407108
4028,19.407108
4029,19.407108
4030,19.407108
4031,19.407108
4032,19.407108
4033,19.407108
4034,19.407108
4035,19.407108
4036,19.407108
4037,19.407108
4038,19.407108
4039,19.407108
4040,19.407108
4041,19.407108
4042,19.407108
4043,19.407108
4044,19.407108
4045,19.407108
4046,19.407108
4047,19.407108
4048,19.407108
4049,19.407108
4050,19.407108
4051,19.407108
4052,19.407108
4053,19.407108
4054,19.407108
4055,19.407108
4056,19.407108
4057,19.407108
4058,19.407108
4059,19.407108
4060,19.407108
4061,19.407108
4062,19.407108
4063,19.407108
4064,19.407108
4065,19.407108
4066,19.407108
4067,19.407108
4068,19.407108
4069,15.611691
4070,15.611691
4071,15.611691
4072,15.611691
4073,15.611691
4074,15.611691
4075,15.611691
4076,15.611691
4077,15.611691
4078,15.611691
4079,15.611691
4080,15.611691
4081,15.611691
4082,15.611691
4083,15.611691
4084,15.611691
4085,15.611691
4086,15.611691
4087,15.611691
4088,15.611691
4089,15.611691
4090,15.611691
4091,15.611691
4092,15.611691
4093,15.611691
4094,15.611691
4095,15.611691
4096,15.611691
4097,15.611691
4098,15.611691
4099,15.611691
4100,15.611691
4101,15.611691
4102,15.611691
4103,15.611691
4104,15.611691
4105,15.611691
4106,15.611691
4107,15.611691
4108,15.611691
4109,15.611691
4110,15.611691
4111,15.611691
4112,15.611691
4113,15.611691
4114,15.611691
4115,15.611691
4116,15.611691
4117,15.611691
4118,15.611691
4119,15.611691
4120,15.611691
4121,15.611691
4122,15.611691
4123,15.611691
4124,15.611691
4125,15.611691
4126,15.611691
4127,15.611691
4128,15.611691
4129,15.611691
4130,15.611691
4131,15.611691
4132,15.611691
4133,15.611691
4134,15.611691
4135,15.611691
4136,15.611691
4137,15.611691
4138,15.611691
4139,15.611691
4140,15.611691
4141,15.611691
4142,15.611691
4143,15.611691
4144,15.611691
4145,15.611691
4146,15.611691
4147,15.611691
4148,15.611691
4149,15.611691
4150,12.159875
4151,12.159875
4152,12.159875
4153,12.159875
4154,12.159875
4155,12.159875
4156,12.159875
4157,12.159875
4158,12.159875
4159,12.159875
4160,12.159875
4161,12.159875
4162,12.159875
4163,12.159875
4164,12.159875
4165,12.159875
4166,12.159875
4167,12.159875
4168,12.159875
4169,12.159875
4170,12.159875
4171,12.159875
4172,12.159875
4173,12.159875
4174,12.159875
4175,12.159875
4176,12.159875
4177,12.159875
4178,12.159875
4179,12.159875
4180,12.159875
4181,12.159875
4182,12.159875
4183,12.159875
4184,12.159875
4185,12.159875
4186,12.159875
4187,12.159875
4188,12.159875
4189,12.159875
4190,12.159875
4191,12.159875
4192,12.159875
4193,12.159875
4194,12.159875
4195,12.159875
4196,12.159875
4197,12.159875
4198,12.159875
4199,12.159875
4200,12.159875
4201,12.159875
4202,12.159875
4203,12.159875
4204,12.159875
4205,12.159875
4206,12.159875
4207,12.159875
4208,12.159875
4209,12.159875
4210,12.159875
4211,12.159875
4212,12.159875
4213,12.159875
4214,12.159875
4215,12.159875
4216,12.159875
4217,12.159875
4218,12.159875
4219,12.159875
4220,12.159875
4221,12.159875
4222,12.159875
4223,12.159875
4224,12.159875
4225,12.159875
4226,12.159875
4227,12.159875
4228,12.159875
4229,12.159875
4230,9.086147
4231,9.086147
4232,9.086147
4233,9.086147
4234,9.086147
4235,9.086147
4236,9.086147
4237,9.086147
4238,9.086147
4239,9.086147
4240,9.086147
4241,9.086147
4242,9.086147
4243,9.086147
4244,9.086147
4245,9.086147
4246,9.086147
4247,9.086147
4248,9.086147
4249,9.086147
4250,9.086147
4251,9.086147
4252,9.086147
4253,9.086147
4254,9.086147
4255,9.086147
4256,9.086147
4257,9.086147
4258,9.086147
4259,9.086147
4260,9.086147
4261,9.086147
4262,9.086147
4263,9.086147
4264,9.086147
4265,9.086147
4266,9.086147
4267,9.086147
4268,9.086147
4269,9.086147
4270,9.086147
4271,9.086147
4272,9.086147
4273,9.086147
4274,9.086147
4275,9.086147
4276,9.086147
4277,9.086147
4278,9.086147
4279,9.086147
4280,9.086147
4281,9.086147
4282,9.086147
4283,9.086147
4284,9.086147
4285,9.086147
4286,9.086147
4287,9.086147
4288,9.086147
4289,9.086147
4290,9.086147
4291,9.086147
4292,9.086147
4293,9.086147
4294,9.086147
4295,9.086147
4296,9.086147
4297,9.086147
4298,9.086147
4299,9.086147
4300,9.086147
4301,9.086147
4302,9.086147
4303,9.086147
4304,9.086147
4305,9.086147
4306,9.086147
4307,9.086147
4308,9.086147
4309,9.086147
4310,9.086147
4311,9.086147
4312,9.086147
4313,9.086147
4314,9.086147
4315,9.086147
4316,9.086147
4317,9.086147
4318,6.421206
4319,6.421206
4320,6.421206
4321,6.421206
4322,6.421206
4323,6.421206
4324,6.421206
4325,6.421206
4326,6.421206
4327,6.421206
4328,6.421206
4329,6.421206
4330,6.421206
4331,6.421206
4332,6.421206
4333,6.421206
4334,6.421206
4335,6.421206
4336,6.421206
4337,6.421206
4338,6.421206
4339,6.421206
4340,6.421206
4341,6.421206
4342,6.421206
4343,6.421206
4344,6.421206
4345,6.421206
4346,6.421206
4347,6.421206
4348,6.421206
4349,6.421206
4350,6.421206
4351,6.421206
4352,6.421206
4353,6.421206
4354,6.421206
4355,6.421206
4356,6.421206
4357,6.421206
4358,6.421206
4359,6.421206
4360,6.421206
4361,6.421206
4362,6.421206
4363,6.421206
4364,6.421206
4365,6.421206
4366,6.421206
4367,6.421206
4368,6.421206
4369,6.421206
4370,6.421206
4371,6.421206
4372,6.421206
4373,6.421206
4374,6.421206
4375,6.421206
4376,6.421206
4377,6.421206
4378,6.421206
4379,6.421206
4380,6.421206
4381,6.421206
4382,6.421206
4383,6.421206
4384,6.421206
4385,6.421206
4386,6.421206
4387,6.421206
4388,6.421206
4389,6.421206
4390,6.421206
4391,6.421206
4392,6.421206
4393,4.1917
4394,4.1917
4395,4.1917
4396,4.1917
4397,4.1917
4398,4.1917
4399,4.1917
4400,4.1917
4401,4.1917
4402,4.1917
4403,4.1917
4404,4.1917
4405,4.1917
4406,4.1917
4407,4.1917
4408,4.1917
4409,4.1917
4410,4.1917
4411,4.1917
4412,4.1917
4413,4.1917
4414,4.1917
4415,4.1917
4416,4.1917
4417,4.1917
4418,4.1917
4419,4.1917
4420,4.1917
4421,4.1917
4422,4.1917
4423,4.1917
4424,4.1917
4425,4.1917
4426,4.1917
4427,4.1917
4428,4.1917
4429,4.1917
4430,4.1917
4431,4.1917
4432,4.1917
4433,4.1917
4434,4.1917
4435,4.1917
4436,4.1917
4437,4.1917
4438,4.1917
4439,4.1917
4440,4.1917
4441,4.1917
4442,4.1917
4443,4.1917
4444,4.1917
4445,4.1917
4446,4.1917
4447,4.1917
4448,4.1917
4449,4.1917
4450,4.1917
4451,4.1917
4452,4.1917
4453,4.1917
4454,4.1917
4455,4.1917
4456,4.1917
4457,4.1917
4458,4.1917
4459,4.1917
4460,4.1917
4461,4.1917
4462,4.1917
4463,4.1917
4464,4.1917
4465,4.1917
4466,4.1917
4467,4.1917
4468,2.419895
4469,2.419895
4470,2.419895
4471,2.419895
4472,2.419895
4473,2.419895
4474,2.419895
4475,2.419895
4476,2.419895
4477,2.419895
4478,2.419895
4479,2.419895
4480,2.419895
4481,2.419895
4482,2.419895
4483,2.419895
4484,2.419895
4485,2.419895
4486,2.419895
4487,2.419895
4488,2.419895
4489,2.419895
4490,2.419895
4491,2.419895
4492,2.419895
4493,2.419895
4494,2.419895
4495,2.419895
4496,2.419895
4497,2.419895
4498,2.419895
4499,2.419895
4500,2.419895
4501,2.419895
4502,2.419895
4503,2.419895
4504,2.419895
4505,2.419895
4506,2.419895
4507,2.419895
4508,2.419895
4509,2.419895
4510,2.419895
4511,2.419895
4512,2.419895
4513,2.419895
4514,2.419895
4515,2.419895
4516,2.419895
4517,2.419895
4518,2.419895
4519,2.419895
4520,2.419895
4521,2.419895
4522,2.419895
4523,2.419895
4524,2.419895
4525,2.419895
4526,2.419895
4527,2.419895
4528,2.419895
4529,2.419895
4530,2.419895
4531,2.419895
4532,2.419895
4533,2.419895
4534,2.419895
4535,2.419895
4536,2.419895
4537,2.419895
4538,2.419895
4539,2.419895
4540,2.419895
4541,2.419895
4542,1.123494
4543,1.123494
4544,1.123494
4545,1.123494
4546,1.123494
4547,1.123494
4548,1.123494
4549,1.123494
4550,1.123494
4551,1.123494
4552,1.123494
4553,1.123494
4554,1.123494
4555,1.123494
4556,1.123494
4557,1.123494
4558,1.123494
4559,1.123494
4560,1.123494
4561,1.123494
4562,1.123494
4563,1.123494
4564,1.123494
4565,1.123494
4566,1.123494
4567,1.123494
4568,1.123494
4569,1.123494
4570,1.123494
4571,1.123494
4572,1.123494
4573,1.123494
4574,1.123494
4575,1.123494
4576,1.123494
4577,1.123494
4578,1.123494
4579,1.123494
4580,1.123494
4581,1.123494
4582,1.123494
4583,1.123494
4584,1.123494
4585,1.123494
4586,1.123494
4587,1.123494
4588,1.123494
4589,1.123494
4590,1.123494
4591,1.123494
4592,1.123494
4593,1.123494
4594,1.123494
4595,1.123494
4596,1.123494
4597,1.123494
4598,1.123494
4599,1.123494
4600,1.123494
4601,1.123494
4602,1.123494
4603,1.123494
4604,1.123494
4605,1.123494
4606,1.123494
4607,1.123494
4608,1.123494
4609,1.123494
4610,1.123494
4611,1.123494
4612,1.123494
4613,1.123494
4614,1.123494
4615,1.123494
4616,1.123494
4617,1.123494
4618,1.123494
4619,1.123494
4620,1.123494
4621,1.123494
4622,1.123494
4623,1.123494
4624,1.123494
4625,1.123494
4626,1.123494
4627,1.123494
4628,0.315452
4629,0.315452
4630,0.315452
4631,0.315452
4632,0.315452
4633,0.315452
4634,0.315452
4635,0.315452
4636,0.315452
4637,0.315452
4638,0.315452
4639,0.315452
4640,0.315452
4641,0.315452
4642,0.315452
4643,0.315452
4644,0.315452
4645,0.315452
4646,0.315452
4647,0.315452
4648,0.315452
4649,0.315452
4650,0.315452
4651,0.315452
4652,0.315452
4653,0.315452
4654,0.315452
4655,0.315452
4656,0.315452
4657,0.315452
4658,0.315452
4659,0.315452
4660,0.315452
4661,0.315452
4662,0.315452
4663,0.315452
4664,0.315452
4665,0.315452
4666,0.315452
4667,0.315452
4668,0.315452
4669,0.315452
4670,0.315452
4671,0.315452
4672,0.315452
4673,0.315452
4674,0.315452
4675,0.315452
4676,0.315452
4677,0.315452
4678,0.315452
4679,0.315452
4680,0.315452
4681,0.315452
4682,0.315452
4683,0.315452
4684,0.315452
4685,0.315452
4686,0.003836
4687,0.003836
4688,0.003836
4689,0.003836
4690,0.003836
4691,0.003836
4692,0.003836
4693,0.003836
4694,0.003836
4695,0.003836
4696,0.003836
4697,0.003836
4698,0.003836
4699,0.003836
4700,0.003836
4701,0.003836
4702,0.003836
4703,0.003836
4704,0.003836
4705,0.003836
4706,0.003836
4707,0.003836
4708,0.003836
4709,0.003836
4710,0.003836
4711,0.003836
4712,0.003836
4713,0.003836
4714,0.003836
4715,0.003836
4716,0.003836
4717,0.003836
4718,0.003836
4719,0.003836
4720,0.003836
4721,0.003836
4722,0.003836
4723,0.003836
4724,0.003836
4725,0.003836
4726,0.003836
4727,0.003836
4728,0.003836
4729,0.003836
4730,0.003836
4731,0.003836
4732,0.003836
4733,0.003836
4734,0.003836
4735,0.003836
4736,0.003836
4737,0.003836
4738,0.003836
4739,0.003836
4740,0.003836
4741,0.003836
4742,0.003836
4743,0.003836
4744,0.003836
4745,0.003836
4746,0.003836
4747,0.003836
4748,0.003836
4749,0.003836
4750,0.003836
4751,0.191769
4752,0.191769
4753,0.191769
4754,0.191769
4755,0.191769
4756,0.191769
4757,0.191769
4758,0.191769
4759,0.191769
4760,0.191769
4761,0.191769
4762,0.191769
4763,0.191769
4764,0.191769
4765,0.191769
4766,0.191769
4767,0.191769
4768,0.191769
4769,0.191769
4770,0.191769
4771,0.191769
4772,0.191769
4773,0.191769
4774,0.191769
4775,0.191769
4776,0.191769
4777,0.191769
4778,0.191769
4779,0.191769
4780,0.191769
4781,0.191769
4782,0.191769
4783,0.191769
4784,0.191769
4785,0.191769
4786,0.191769
4787,0.191769
4788,0.191769
4789,0.191769
4790,0.191769
4791,0.191769
4792,0.191769
4793,0.191769
4794,0.191769
4795,0.191769
4796,0.191769
4797,0.191769
4798,0.191769
4799,0.191769
4800,0.191769
4801,0.191769
4802,0.191769
4803,0.191769
4804,0.191769
4805,0.191769
4806,0.191769
4807,0.191769
4808,0.191769
4809,0.191769
4810,0.877371
4811,0.877371
4812,0.877371
4813,0.877371
4814,0.877371
4815,0.877371
4816,0.877371
4817,0.877371
4818,0.877371
4819,0.877371
4820,0.877371
4821,0.877371
4822,0.877371
4823,0.877371
4824,0.877371
4825,0.877371
4826,0.877371
4827,0.877371
4828,0.877371
4829,0.877371
4830,0.877371
4831,0.877371
4832,0.877371
4833,0.877371
4834,0.877371
4835,0.877371
4836,0.877371
4837,0.877371
4838,0.877371
4839,0.877371
4840,0.877371
4841,0.877371
4842,0.877371
4843,0.877371
4844,0.877371
4845,0.877371
4846,0.877371
4847,0.877371
4848,0.877371
4849,0.877371
4850,0.877371
4851,0.877371
4852,0.877371
4853,0.877371
4854,0.877371
4855,0.877371
4856,0.877371
4857,0.877371
4858,0.877371
4859,0.877371
4860,0.877371
4861,0.877371
4862,0.877371
4863,0.877371
4864,0.877371
4865,0.877371
4866,0.877371
4867,0.877371
4868,0.877371
4869,0.877371
4870,0.877371
4871,0.877371
4872,0.877371
4873,2.053785
4874,2.053785
4875,2.053785
4876,2.053785
4877,2.053785
4878,2.053785
4879,2.053785
4880,2.053785
4881,2.053785
4882,2.053785
4883,2.053785
4884,2.053785
4885,2.053785
4886,2.053785
4887,2.053785
4888,2.053785
4889,2.053785
4890,2.053785
4891,2.053785
4892,2.053785
4893,2.053785
4894,2.053785
4895,2.053785
4896,2.053785
4897,2.053785
4898,2.053785
4899,2.053785
4900,2.053785
4901,2.053785
4902,2.053785
4903,2.053785
4904,2.053785
4905,2.053785
4906,2.053785
4907,2.053785
4908,2.053785
4909,2.053785
4910,2.053785
4911,2.053785
4912,2.053785
4913,2.053785
4914,2.053785
4915,2.053785
4916,2.053785
4917,2.053785
4918,2.053785
4919,2.053785
4920,2.053785
4921,2.053785
4922,2.053785
4923,2.053785
4924,2.053785
4925,2.053785
4926,2.053785
4927,2.053785
4928,2.053785
4929,2.053785
4930,2.053785
4931,2.053785
4932,2.053785
4933,2.053785
4934,2.053785
4935,2.053785
4936,2.053785
4937,2.053785
4938,2.053785
4939,2.053785
4940,2.053785
4941,2.053785
4942,2.053785
4943,2.053785
4944,2.053785
4945,2.053785
4946,2.053785
4947,2.053785
4948,2.053785
4949,2.053785
4950,2.053785
4951,3.709266
4952,3.709266
4953,3.709266
4954,3.709266
4955,3.709266
4956,3.709266
4957,3.709266
4958,3.709266
4959,3.709266
4960,3.709266
4961,3.709266
4962,3.709266
4963,3.709266
4964,3.709266
4965,3.709266
4966,3.709266
4967,3.709266
4968,3.709266
4969,3.709266
4970,3.709266
4971,3.709266
4972,3.709266
4973,3.709266
4974,3.709266
4975,3.709266
4976,3.709266
4977,3.709266
4978,3.709266
4979,3.709266
4980,3.709266
4981,3.709266
4982,3.709266
4983,3.709266
4984,3.709266
4985,3.709266
4986,3.709266
4987,3.709266
4988,3.709266
4989,3.709266
4990,3.709266
4991,3.709266
4992,3.709266
4993,3.709266
4994,3.709266
4995,3.709266
4996,3.709266
4997,3.709266
4998,3.709266
4999,3.709266
5000,3.709266
